smiles,y_true,gcn_pred,gtca_pred,gcn_residual,gtca_residual
CCOP(=S)(OCC)SCSCC,-4.110000133514404,-6.580747127532959,-4.382375717163086,2.4707469940185547,0.27237558364868164
CCOP(=S)(OCC)SCSC(C)(C)C,-4.755000114440918,-5.879387378692627,-4.89012336730957,1.124387264251709,0.13512325286865234
CC(C)CCC(C)(C)C,-5.050000190734863,-3.301872491836548,-4.941073417663574,-1.7481276988983154,-0.10892677307128906
