smiles,y_true,gpr_pred,attentivefp_pred,gpr_residual,attentivefp_residual
COCC#Cc1cc([C@@]2(c3ccc(OC(F)F)cc3)N=C(N)N(C)C2=O)ccc1F,7.9208188,7.646966565324261,7.305087089538574,0.27385223467573905,0.6157317161560059
CC#Cc1cccc([C@@]2(c3ccc(OC(F)F)cc3)N=C(N)N(C)C2=O)c1,7.6989698,7.765545192607641,7.078843116760254,-0.0665753926076409,0.6201267242431641
CC(C)C#Cc1cccc([C@@]2(c3ccc(OC(F)F)cc3)N=C(N)N(C)C2=O)c1,7.6989698,7.580392371242098,7.1870832443237305,0.11857742875790223,0.5118865966796875
