smiles,y_true,gcn_pred,gtca_pred,gcn_residual,gtca_residual
CCOP(=S)(OCC)SCSCC,-4.11,-6.580747,-4.3823757,2.4707469999999994,0.27237569999999955
CCOP(=S)(OCC)SCSC(C)(C)C,-4.755,-5.8793874,-4.8901234,1.1243873999999998,0.13512340000000034
CC(C)CCC(C)(C)C,-5.05,-3.3018725,-4.9410734,-1.7481274999999998,-0.1089266000000002
